speed, cost, parameters
9.2,4.913634373560072e-5,0.9322776751453223,0.3607501073187551,0.341010938866115,0.3751658687519542,0.526368877057704,0.26757727544787024,0.5583794634586464,0.21676685380880345,0.09705628610104111,0.4895552929313949,0.28738361490235736,0.5552203990343036,0.8092760710002868,0.5937800710816492,0.9429418924373831,0.880073185306472,0.42953839892085277,0.5891541125754644,0.8351357637677834,0.2778205070992433,0.05184848351536982,0.03141787495561656,0.49550701013660126,0.7321386395385238,0.680720929385644,0.5061542205471397,0.2594031870739071,0.617736819803628,0.16515788790747035,0.5508635771958892,0.4534114533415482,0.3854054816437924,0.9299882807437581,0.17517647267927222,0.19859326833542026,0.09162662802610022,0.08090825621728248,0.4426842624890057,0.0802965919527183,0.19033521351341975,0.19891345872757385,0.4477456418954265
9.3,0.012074829571656842,0.9517545266551389,0.2044085270491578,0.782342061815182,0.25217268176779883,0.6560974917492304,0.4113129977228719,0.0899885876507637,0.7093054458056678,0.5476966426255903,0.5439518017190061,0.7232133677633592,0.48481415882752743,0.5737552328096244,0.1841842003618359,0.9286317848003441,0.9535267049095779,0.10131262506448198,0.9441049620123522,0.3856958552265304,0.45666618541292914,0.50874117963614,0.04137487513021318,0.8727901119277734,0.6946153411793108,0.11033996346072691,0.7130233411440678,0.2789061517431033,0.0431597769317331,0.87819542872101,0.5929992591424789,0.781163147619844,0.010027145533888457,0.6588731229697207,0.29168842723153116,0.7285490677318802,0.0728010153371206,0.71122599859642,0.11128587336635523,0.3698694554114413,0.14884559881833237,0.3659222799863401,0.5684521076795024
