speed, cost, parameters
10.0,8.424172481064085e-5,0.9996504146289452,0.33846598216661716,0.4264059449209354,0.2977836247741953,0.24252065926230637,0.961371489899127,0.21425823119180207,0.6308889824766127,0.7496571328587125,0.30925312506534386,0.8133171603746304,0.9980872622720853,0.8691606950703744,0.858981738887275,0.9989626045780103,0.507447488828852,0.9138852656184526,0.15500979137756452,0.9346760223671207,0.11037392352146091,0.17972998581122507,0.013506828071949493,0.5325484843185175,0.3012974644255562,0.8520322366090443,0.23107117872880156,0.20482928616743767,0.41294838746116436,0.7989910599642023,0.6796013043885203,0.1476779659975943,0.26001412244419725,0.44978172869318733,0.4331947574345173,0.05653885463081998,0.026616559158825277,0.2710877573483397,0.1353955953378337,0.030191464817873194,0.9921181212135286,0.3249185992869639,0.7474914262246473
10.1,0.018443422349717686,0.9999916162575823,0.604849869253373,0.9435004573338298,0.35181999619076443,0.1846749674800292,0.3395849191447875,0.056566577751577966,0.6585971831392852,0.0821508006305931,0.582239084533716,0.5164046210558563,0.24521241616252532,0.6323645582942714,0.18891421699350797,0.999991754389419,0.5027195082576998,0.276782016280793,0.7230954929567851,0.19464999770413605,0.8608066317365688,0.9598749425540483,0.010002380071009127,0.8425850459166075,0.2634017402160174,0.9353213240519511,0.6578238892235984,0.41231942831987267,0.331151119239915,0.9997410716739392,0.9000411580241343,0.2369671064824391,0.27839804225376324,0.9734087550596822,0.8161363317084694,0.8147651483984761,0.010004958939965777,0.9187448377252403,0.8122161842309134,0.6980337856854032,0.5249362189038347,0.5059110190678893,0.12451667112607552
