speed, cost, parameters
10.0,0.00022093689224716995,0.9995052444002256,0.2731589007448447,0.9116668443203138,0.6777045786889654,0.6510913280068267,0.9645426923959137,0.7623521793951386,0.6865800365892277,0.8873788614677824,0.7047898670722951,0.7360071796501902,0.49654594816219344,0.9929271167147365,0.6416606621083801,0.9999383642835319,0.028367056076951336,0.74791766943062,0.05619385182324904,0.003607272936414052,0.8228022806724257,0.3356258236249185,0.012378332834348967,0.4193639639104283,0.6979276033717966,0.6428649810816456,0.970544300090421,0.5596255620619481,0.988573428717891,0.968711597139392,0.7290873638135233,0.7844454009551016,0.7120859819964984,0.45159542279433973,0.3633810088552436,0.4612134680687421,0.03573868670987298,0.8352908656262141,0.5513063984552882,0.046211693272063335,0.08696306197571246,0.12522847754674596,0.27361820420270483
10.1,0.04420131152866602,0.9974369782912933,0.343007330045928,0.3519092462694615,0.03948011831877618,0.6460025773244438,0.820551258608277,0.9072108291122796,0.6328477797889015,0.5899414773635805,0.9555243639371606,0.7438783206313148,0.8730473044096878,0.6616235380524145,0.7427477578739092,0.9872271369105139,0.09727137593598889,0.3194617347910309,0.8059322811111086,0.34991642066757067,0.7206058136611296,0.5892743601874976,0.01348894349869248,0.7631498141552122,0.316834853219137,0.8758328012270251,0.6909036507424793,0.3958868068895429,0.26536310412615455,0.9589208866819434,0.08815296653152149,0.5580462502789767,0.9458847221351355,0.29174179103409736,0.190396664520107,0.04831762857787715,0.01738113506220703,0.8193764882261616,0.8844376774492626,0.21003115374894613,0.8021637924501561,0.7803059989989629,0.8505148639123585
