joint,a0,t1,r1,a1,t2,r2,a2
he,0.847515829833222e+00,0.351601412417322e-01,0.102916787959048e+00,0.549002782006656e-02,0.169846227250711e+00,0.100084502113131e+00,0.119956323799035e+01,0.201790934801102e+00,0.175786304473877e+00,0.348965406417846e-01
ke,0.600907051487236e+00,0.904304520215871e-01,0.100333923126429e+00,0.321803612680103e-04,0.906366435424592e-03,0.101136355724905e+00,0.101479962548473e+01,0.762679312227219e-01,0.100852891337378e+00,0.354032990766054e-02
ae,0.782294357655392e+00,0.159729341194564e-01,0.116447295338395e+00,0.444927156386311e+00,0.345109524617438e-01,0.122584747883379e+00,0.840872934454587e-01,0.246487578799401e-02,0.173152624176531e+00,0.339756688395493e+00
hf,0.480973282236049e-01,0.343820006397342e-01,0.100020792828652e+00,0.119994750666850e+01,0.161287087194645e+00,0.101889736947319e+00,0.642906735847869e-03,0.206012070178986e-01,0.111257839202881e+00,0.118709685802460e+01
kf,0.725246019788187e+00,0.180147715023107e-01,0.189757911189098e+00,0.300120723960251e+00,0.255529485370943e-02,0.100074029180845e+00,0.719317347403143e+00,0.198325467601452e-01,0.168243057994922e+00,0.159985075204849e+00
af,0.346927051854685e+00,0.316815424864978e-01,0.108367198625905e+00,0.865097554624213e+00,0.323162450485419e-01,0.123120828708842e+00,0.998976425882796e+00,0.123718965053558e+00,0.146254134178162e+00,0.977926969528198e-01


