footang,g,ina,inb,inc,ind,ine,inf,ing,k1,k2,k3,k4,k5,k6,k7,k8,l1,l10,l11,l12,l2,l3,l4,l5,l6,l7,l8,l9,ma,mb,mc,md,me,mf,mg,mtpb,mtpk,pop1xi,pop2xi
deg,m/s^2,kg.m^2,kg.m^2,kg.m^2,kg.m^2,kg.m^2,kg.m^2,kg.m^2,m^-1,s/m,N/m,N.s/m,m^-1,s/m,N/m,N.s/m,m,m,m,m,m,m,m,m,m,m,m,m,kg,kg,kg,kg,kg,kg,kg,N.m.s/rad,N.m/rad,m,m
19.58,-9.81,0.00015,0.00301,0.0808,0.21645,0.21645,0.2411,6.0,9.74E-03,1155.282193,14435.41606,4.75E-02,323.3806231,2.15E-07,149018.3201,66196.28963,0.05,0.447,0.6,0.275,0.085,0.121,0.076,0.222,0.139,0.261,0.453,0.258,0.244,1.17,5.375,12.79,12.79,6.788,51.95,0.701068939,6.463830463,0.083614267,0.0